both sites,,,,,,,PFL_res,
> dim(significant_covTemp_p.otu.omni3),,,,,,,                  F.statistic  R.squared    P.value,
[1] 421   1,,,,,,,Temp                12.488236 0.15265208 0.00019996,
 print(significant_covTemp_p.otu.omni3),,,,,,,lineage              5.048473 0.06171087 0.00019996,
               cov1,,,,,,,Site                 2.347944 0.02870050 0.00039992,
ASV09567 0.00299970,,, print(top_50_temp2),,,,Temp:Site            1.414927 0.01729560 0.05480000,
ASV16764 0.04833333,,,              cov1,,,,lineage:Site         1.543529 0.01886759 0.03260000,
ASV28996 0.01933333,,,ASV16182 1.5602030,,,,Temp:lineage         1.771178 0.02165030 0.00899820,
ASV05467 0.00029997,,,ASV09411 1.2415780,,,,Temp:lineage:Site    1.194197 0.01459747 0.18880000,
ASV01994 0.01144444,,,ASV16174 1.2214678,,,,,
ASV03873 0.01050000,,,ASV16327 1.1493228,,,,,
ASV09442 0.00379962,,,ASV26760 1.1236205,,,,"test <- wilcox.test(LM4, L5)",
ASV17115 0.02320000,,,ASV16627 1.0331540,,,,print(significant_resultstemp),
ASV08733 0.02550000,,,ASV16263 1.0259545,,,,        ASV      p_value  mean_warm   mean_cold  adj_p_value Responsibility,
ASV27896 0.02100000,,,ASV26762 0.9448410,,,,1  ASV09442 5.312562e-03  0.1751035   1.4190011 1.770854e-02           Cold,
ASV06606 0.00149985,,,ASV16184 0.9160444,,,,2  ASV16587 1.703872e-02  1.2494546   0.0000000 3.407744e-02           Warm,
ASV00096 0.00089991,,,ASV26748 0.8832705,,,,3  ASV25815 2.350632e-02  3.5889283   0.2361275 4.197557e-02           Warm,
ASV00083 0.00889911,,,ASV25812 0.8732519,,,,4  ASV00744 1.703872e-02  3.9528503   0.0000000 3.407744e-02           Warm,
ASV20773 0.00499950,,,ASV26898 0.7903258,,,,5  ASV02603 2.546507e-02  3.5317368   0.0000000 4.244178e-02           Warm,
ASV26920 0.00009999,,,ASV16481 0.7840968,,,,6  ASV00877 1.125061e-02  2.5478491   0.0000000 2.960687e-02           Warm,
ASV26857 0.00019998,,,ASV09427 0.7260008,,,,7  ASV16908 1.703872e-02  2.7110841   0.0000000 3.407744e-02           Warm,
ASV22371 0.00009999,,,ASV26817 0.7178411,,,,8  ASV09542 2.956503e-03  6.7463870   0.0000000 1.137117e-02           Warm,
ASV16558 0.00069993,,,ASV00058 0.6862927,,,,9  ASV16895 7.322126e-03  8.5399965   0.0000000 2.153566e-02           Warm,
ASV26289 0.00149985,,,ASV26823 0.6673888,,,,10 ASV16947 1.703872e-02  2.9583019   0.0000000 3.407744e-02           Warm,
ASV01560 0.00009999,,,ASV16299 0.6592113,,,,11 ASV17012 2.230449e-02  0.5227536   7.8174360 4.130461e-02           Cold,
ASV16668 0.02420000,,,ASV00028 0.6561070,,,,12 ASV18997 1.703872e-02 15.2402742   0.0000000 3.407744e-02           Warm,
ASV10260 0.03050000,,,ASV02642 0.6233159,,,,13 ASV02591 1.125061e-02  4.9305243   0.0000000 2.960687e-02           Warm,
ASV05118 0.00279972,,,ASV16258 0.6129307,,,,14 ASV16622 2.956503e-03 10.6991482   0.0000000 1.137117e-02           Warm,
ASV18439 0.00049995,,,ASV14014 0.5993726,,,,15 ASV16605 2.546507e-02  6.4329815   0.0000000 4.244178e-02           Warm,
ASV04201 0.00029997,,,ASV14013 0.5925550,,,,16 ASV16972 4.691680e-03  4.8089280   0.0000000 1.675600e-02           Warm,
ASV16682 0.00229977,,,ASV26917 0.5834435,,,,17 ASV26773 5.551049e-04  0.7156655  12.5436807 3.083916e-03           Cold,
ASV17878 0.00009999,,,ASV16369 0.5772781,,,,18 ASV16610 1.052796e-03 18.9679780   0.7883948 5.263982e-03           Warm,
ASV25131 0.00139986,,,ASV11003 0.5707207,,,,19 ASV16627 4.539462e-06 15.6542864   0.0000000 5.674327e-05           Warm,
ASV09958 0.02650000,,,ASV09431 0.5640491,,,,20 ASV16995 1.135517e-05  0.8674643  19.9470403 9.462643e-05           Cold,
ASV19652 0.00379962,,,ASV26759 0.5584256,,,,21 ASV17859 2.647599e-03  0.0000000  15.5081678 1.137117e-02           Cold,
ASV20155 0.02650000,,,ASV01562 0.5203001,,,,22 ASV27260 1.299876e-02  2.2650105  18.3453193 3.249690e-02           Cold,
ASV22119 0.00879912,,,ASV27827 0.5074490,,,,23 ASV16416 1.568642e-04  0.0000000   7.1320396 9.804010e-04           Cold,
ASV27103 0.01683333,,,ASV00897 0.5027195,,,,24 ASV14013 9.491209e-06  0.2706145  21.0767216 9.462643e-05           Cold,
ASV27632 0.01144444,,,ASV20743 0.4979345,,,,25 ASV26763 1.869578e-02  2.8922711  14.8602780 3.595342e-02           Cold,
ASV16587 0.00309969,,,ASV16399 0.4925421,,,,26 ASV26759 1.909875e-06  8.6222623  52.6603568 3.183125e-05           Cold,
ASV00917 0.00119988,,,ASV16170 0.4911743,,,,27 ASV16263 4.171646e-08  3.9376961  81.2417142 2.085823e-06           Cold,
ASV05114 0.00709929,,,ASV09523 0.4870924,,,,28 ASV09404 6.454832e-03 37.3786525  88.2999334 2.017135e-02           Cold,
ASV07694 0.00519948,,,ASV16995 0.4711422,,,,29 ASV26816 2.409970e-07 65.1321122 247.9158528 6.024924e-06           Cold,
ASV16636 0.01188889,,,ASV09016 0.4592725,,,,30 ASV16258 3.811304e-05 17.1407730 107.5069315 2.722360e-04           Cold,
ASV02113 0.01525000,,,ASV16375 0.4561431,,,,,
ASV12221 0.00049995,,,ASV16654 0.4481167,,,,,
ASV23307 0.00009999,,,ASV26830 0.4326212,,,,,
ASV27626 0.00709929,,,ASV16492 0.4264388,,,,,
ASV01355 0.00069993,,,ASV14214 0.4247581,,,,,
ASV09771 0.00399960,,,ASV25799 0.4192019,,,,,
ASV16626 0.00959904,,,ASV00059 0.4166033,,,,,
ASV22117 0.00089991,,,ASV15243 0.4066320,,,,,
ASV16659 0.04266667,,,ASV26773 0.4042915,,,,,
ASV25815 0.00049995,,,ASV16416 0.4007165,,,,,
ASV19015 0.00049995,,,ASV26808 0.3982399,,,,,
ASV00070 0.00009999,,,ASV16371 0.3978142,,,,,
ASV28968 0.00009999,,,ASV02591 0.3957253,,,,,
ASV02598 0.00009999,,,,,,,,
ASV01559 0.00009999,,,>,,,,,
ASV16566 0.00079992,,,,,,,,
ASV17875 0.01155556,,,,,,,,
ASV20759 0.01700000,,,,,,,,
ASV16644 0.00139986,,,,,,,,
ASV16632 0.00159984,,,,,,,,
ASV20758 0.00179982,,,,,,,,
ASV09507 0.00069993,,,,,,,,
ASV00040 0.03766667,,,,,,,,
ASV16568 0.00039996,,,,,,,,
ASV27027 0.01833333,,,,,,,,
ASV27851 0.00279972,,,,,,,,
ASV00744 0.00019998,,,,,,,,
ASV05113 0.00069993,,,,,,,,
ASV16699 0.02360000,,,,,,,,
ASV26776 0.00269973,,,,,,,,
ASV16625 0.00119988,,,,,,,,
ASV20755 0.04666667,,,,,,,,
ASV25266 0.00909909,,,,,,,,
ASV29195 0.00319968,,,,,,,,
ASV16546 0.00039996,,,,,,,,
ASV17137 0.01333333,,,,,,,,
ASV16488 0.00029997,,,,,,,,
ASV16563 0.00139986,,,,,,,,
ASV09532 0.00699930,,,,,,,,
ASV16269 0.00309969,,,,,,,,
ASV05281 0.00009999,,,,,,,,
ASV18995 0.01211111,,,,,,,,
ASV02603 0.00089991,,,,,,,,
ASV16643 0.00009999,,,,,,,,
ASV00094 0.00009999,,,,,,,,
ASV00875 0.00019998,,,,,,,,
ASV05179 0.00029997,,,,,,,,
ASV13288 0.01020000,,,,,,,,
ASV25819 0.00309969,,,,,,,,
ASV00877 0.00009999,,,,,,,,
ASV29328 0.01211111,,,,,,,,
ASV16553 0.00009999,,,,,,,,
ASV16559 0.01766667,,,,,,,,
ASV16561 0.00009999,,,,,,,,
ASV17872 0.01500000,,,,,,,,
ASV00908 0.01444444,,,,,,,,
ASV16965 0.02650000,,,,,,,,
ASV05116 0.00039996,,,,,,,,
ASV16390 0.01750000,,,,,,,,
ASV16908 0.00039996,,,,,,,,
ASV09570 0.00839916,,,,,,,,
ASV17082 0.00889911,,,,,,,,
ASV27844 0.00019998,,,,,,,,
ASV13388 0.00869913,,,,,,,,
ASV31657 0.00009999,,,,,,,,
ASV16261 0.00049995,,,,,,,,
ASV09529 0.03900000,,,,,,,,
ASV20583 0.00009999,,,,,,,,
ASV15243 0.00009999,,,,,,,,
ASV16623 0.00179982,,,,,,,,
ASV02872 0.00009999,,,,,,,,
ASV17278 0.00249975,,,,,,,,
ASV02629 0.01457143,,,,,,,,
ASV09542 0.00019998,,,,,,,,
ASV00043 0.00229977,,,,,,,,
ASV16656 0.00069993,,,,,,,,
ASV22836 0.00009999,,,,,,,,
ASV23302 0.01262500,,,,,,,,
ASV16550 0.00409959,,,,,,,,
ASV16195 0.01262500,,,,,,,,
ASV26939 0.00029997,,,,,,,,
ASV26883 0.00009999,,,,,,,,
ASV31868 0.00009999,,,,,,,,
ASV16628 0.00009999,,,,,,,,
ASV00035 0.00009999,,,,,,,,
ASV01993 0.00659934,,,,,,,,
ASV31750 0.00109989,,,,,,,,
ASV31671 0.00029997,,,,,,,,
ASV29660 0.02625000,,,,,,,,
ASV16534 0.00139986,,,,,,,,
ASV20296 0.00279972,,,,,,,,
ASV16498 0.00489951,,,,,,,,
ASV17275 0.00009999,,,,,,,,
ASV16617 0.00119988,,,,,,,,
ASV26960 0.00849915,,,,,,,,
ASV26841 0.00009999,,,,,,,,
ASV16399 0.00009999,,,,,,,,
ASV16895 0.00159984,,,,,,,,
ASV05304 0.00549945,,,,,,,,
ASV02117 0.00009999,,,,,,,,
ASV16209 0.04400000,,,,,,,,
ASV26831 0.03000000,,,,,,,,
ASV31970 0.00459954,,,,,,,,
ASV15752 0.00649935,,,,,,,,
ASV09957 0.00569943,,,,,,,,
ASV02870 0.00459954,,,,,,,,
ASV26902 0.00079992,,,,,,,,
ASV00049 0.00009999,,,,,,,,
ASV25122 0.00009999,,,,,,,,
ASV27155 0.01387500,,,,,,,,
ASV16485 0.00009999,,,,,,,,
ASV00081 0.00189981,,,,,,,,
ASV28995 0.00079992,,,,,,,,
ASV26276 0.00009999,,,,,,,,
ASV16401 0.01542857,,,,,,,,
ASV26909 0.00059994,,,,,,,,
ASV09506 0.00009999,,,,,,,,
ASV25814 0.01500000,,,,,,,,
ASV14443 0.00059994,,,,,,,,
ASV31775 0.04100000,,,,,,,,
ASV16658 0.00079992,,,,,,,,
ASV17003 0.02200000,,,,,,,,
ASV02574 0.00369963,,,,,,,,
ASV26778 0.00339966,,,,,,,,
ASV09453 0.00039996,,,,,,,,
ASV17271 0.00519948,,,,,,,,
ASV26911 0.02750000,,,,,,,,
ASV00064 0.00009999,,,,,,,,
ASV00062 0.00009999,,,,,,,,
ASV16606 0.01514286,,,,,,,,
ASV26907 0.02650000,,,,,,,,
ASV16640 0.00039996,,,,,,,,
ASV26982 0.00719928,,,,,,,,
ASV16309 0.00449955,,,,,,,,
ASV16424 0.02140000,,,,,,,,
ASV16253 0.04400000,,,,,,,,
ASV16310 0.00939906,,,,,,,,
ASV26977 0.00009999,,,,,,,,
ASV16305 0.00119988,,,,,,,,
ASV26967 0.02480000,,,,,,,,
ASV16405 0.00009999,,,,,,,,
ASV26808 0.00009999,,,,,,,,
ASV16285 0.03966667,,,,,,,,
ASV08216 0.03766667,,,,,,,,
ASV26774 0.03466667,,,,,,,,
ASV02642 0.00009999,,,,,,,,
ASV20188 0.00039996,,,,,,,,
ASV17862 0.00049995,,,,,,,,
ASV16237 0.00019998,,,,,,,,
ASV26825 0.00009999,,,,,,,,
ASV24820 0.00189981,,,,,,,,
ASV26819 0.00689931,,,,,,,,
ASV29008 0.00229977,,,,,,,,
ASV16615 0.00009999,,,,,,,,
ASV16391 0.00009999,,,,,,,,
ASV16899 0.01933333,,,,,,,,
ASV20743 0.00009999,,,,,,,,
ASV16630 0.00129987,,,,,,,,
ASV26947 0.00149985,,,,,,,,
ASV26973 0.00159984,,,,,,,,
ASV20138 0.00099990,,,,,,,,
ASV05112 0.00009999,,,,,,,,
ASV00897 0.00009999,,,,,,,,
ASV27276 0.03666667,,,,,,,,
ASV09499 0.00089991,,,,,,,,
ASV16274 0.00079992,,,,,,,,
ASV16210 0.00009999,,,,,,,,
ASV16542 0.00149985,,,,,,,,
ASV09434 0.00549945,,,,,,,,
ASV16243 0.00009999,,,,,,,,
ASV27834 0.04133333,,,,,,,,
ASV31661 0.00009999,,,,,,,,
ASV26899 0.00009999,,,,,,,,
ASV09524 0.00009999,,,,,,,,
ASV16192 0.00159984,,,,,,,,
ASV16246 0.00069993,,,,,,,,
ASV16650 0.00919908,,,,,,,,
ASV26898 0.00009999,,,,,,,,
ASV18999 0.00439956,,,,,,,,
ASV14206 0.00179982,,,,,,,,
ASV09432 0.00009999,,,,,,,,
ASV15867 0.01628571,,,,,,,,
ASV16556 0.01833333,,,,,,,,
ASV09523 0.00009999,,,,,,,,
ASV10927 0.01783333,,,,,,,,
ASV16947 0.00699930,,,,,,,,
ASV08720 0.00559944,,,,,,,,
ASV26873 0.00349965,,,,,,,,
ASV17012 0.01211111,,,,,,,,
ASV16721 0.00399960,,,,,,,,
ASV16608 0.00009999,,,,,,,,
ASV16520 0.00499950,,,,,,,,
ASV14218 0.00219978,,,,,,,,
ASV16221 0.01155556,,,,,,,,
ASV18997 0.00009999,,,,,,,,
ASV09414 0.00309969,,,,,,,,
ASV02591 0.00009999,,,,,,,,
ASV26900 0.00009999,,,,,,,,
ASV01562 0.00009999,,,,,,,,
ASV09522 0.04600000,,,,,,,,
ASV05061 0.00009999,,,,,,,,
ASV16609 0.02300000,,,,,,,,
ASV16420 0.01585714,,,,,,,,
ASV27625 0.00029997,,,,,,,,
ASV14141 0.00009999,,,,,,,,
ASV16622 0.00009999,,,,,,,,
ASV05069 0.04466667,,,,,,,,
ASV00061 0.00039996,,,,,,,,
ASV09421 0.03225000,,,,,,,,
ASV17265 0.00009999,,,,,,,,
ASV22925 0.01442857,,,,,,,,
ASV16605 0.00359964,,,,,,,,
ASV27829 0.00009999,,,,,,,,
ASV16527 0.00009999,,,,,,,,
ASV05202 0.00079992,,,,,,,,
ASV28994 0.00729927,,,,,,,,
ASV16287 0.00009999,,,,,,,,
ASV16347 0.00029997,,,,,,,,
ASV14296 0.01750000,,,,,,,,
ASV16896 0.00099990,,,,,,,,
ASV16541 0.00029997,,,,,,,,
ASV16519 0.00629937,,,,,,,,
ASV16624 0.00009999,,,,,,,,
ASV16511 0.00009999,,,,,,,,
ASV27662 0.00009999,,,,,,,,
ASV31773 0.00009999,,,,,,,,
ASV16493 0.00009999,,,,,,,,
ASV26818 0.00039996,,,,,,,,
ASV26787 0.00079992,,,,,,,,
ASV16484 0.00069993,,,,,,,,
ASV00027 0.00239976,,,,,,,,
ASV16972 0.00009999,,,,,,,,
ASV26901 0.04666667,,,,,,,,
ASV31033 0.00069993,,,,,,,,
ASV22819 0.00179982,,,,,,,,
ASV14227 0.00009999,,,,,,,,
ASV26923 0.00009999,,,,,,,,
ASV00036 0.00019998,,,,,,,,
ASV18424 0.00009999,,,,,,,,
ASV26757 0.04666667,,,,,,,,
ASV09538 0.00009999,,,,,,,,
ASV16185 0.00029997,,,,,,,,
ASV26779 0.00929907,,,,,,,,
ASV26254 0.00869913,,,,,,,,
ASV00060 0.00009999,,,,,,,,
ASV17006 0.02625000,,,,,,,,
ASV14225 0.00029997,,,,,,,,
ASV20425 0.00139986,,,,,,,,
ASV16654 0.00009999,,,,,,,,
ASV26897 0.01442857,,,,,,,,
ASV09427 0.00009999,,,,,,,,
ASV09431 0.00009999,,,,,,,,
ASV26844 0.00579942,,,,,,,,
ASV26761 0.00249975,,,,,,,,
ASV26913 0.00119988,,,,,,,,
ASV16300 0.00359964,,,,,,,,
ASV26773 0.00009999,,,,,,,,
ASV14207 0.00119988,,,,,,,,
ASV26765 0.00019998,,,,,,,,
ASV27827 0.00009999,,,,,,,,
ASV09016 0.00009999,,,,,,,,
ASV16633 0.03700000,,,,,,,,
ASV16227 0.00789921,,,,,,,,
ASV17263 0.00149985,,,,,,,,
ASV26792 0.04300000,,,,,,,,
ASV16637 0.00009999,,,,,,,,
ASV00031 0.00189981,,,,,,,,
ASV00058 0.00009999,,,,,,,,
ASV16492 0.00009999,,,,,,,,
ASV16610 0.00119988,,,,,,,,
ASV17064 0.00849915,,,,,,,,
ASV16512 0.00119988,,,,,,,,
ASV26971 0.00299970,,,,,,,,
ASV16393 0.00009999,,,,,,,,
ASV25822 0.00009999,,,,,,,,
ASV20129 0.02080000,,,,,,,,
ASV00059 0.00009999,,,,,,,,
ASV26830 0.00009999,,,,,,,,
ASV16371 0.00009999,,,,,,,,
ASV09521 0.00049995,,,,,,,,
ASV14014 0.00009999,,,,,,,,
ASV01523 0.00009999,,,,,,,,
ASV16494 0.00009999,,,,,,,,
ASV26753 0.00029997,,,,,,,,
ASV16627 0.00009999,,,,,,,,
ASV09419 0.00169983,,,,,,,,
ASV16995 0.00009999,,,,,,,,
ASV17859 0.00009999,,,,,,,,
ASV16647 0.00429957,,,,,,,,
ASV16199 0.00709929,,,,,,,,
ASV16375 0.00009999,,,,,,,,
ASV27260 0.01350000,,,,,,,,
ASV26764 0.00119988,,,,,,,,
ASV09411 0.00009999,,,,,,,,
ASV27152 0.00009999,,,,,,,,
ASV16201 0.00329967,,,,,,,,
ASV16327 0.00009999,,,,,,,,
ASV16502 0.00199980,,,,,,,,
ASV16216 0.01716667,,,,,,,,
ASV26823 0.00009999,,,,,,,,
ASV16416 0.00009999,,,,,,,,
ASV16491 0.00069993,,,,,,,,
ASV16604 0.00309969,,,,,,,,
ASV16607 0.00559944,,,,,,,,
ASV26943 0.00009999,,,,,,,,
ASV09495 0.00419958,,,,,,,,
ASV16530 0.00569943,,,,,,,,
ASV14214 0.00009999,,,,,,,,
ASV26822 0.01155556,,,,,,,,
ASV26762 0.00009999,,,,,,,,
ASV09772 0.00009999,,,,,,,,
ASV26904 0.00009999,,,,,,,,
ASV16381 0.00009999,,,,,,,,
ASV25826 0.00009999,,,,,,,,
ASV26752 0.00349965,,,,,,,,
ASV26817 0.00009999,,,,,,,,
ASV14724 0.00009999,,,,,,,,
ASV09405 0.00149985,,,,,,,,
ASV16299 0.00009999,,,,,,,,
ASV26906 0.00109989,,,,,,,,
ASV17058 0.00009999,,,,,,,,
ASV25823 0.01950000,,,,,,,,
ASV26820 0.00889911,,,,,,,,
ASV16181 0.00099990,,,,,,,,
ASV25807 0.00049995,,,,,,,,
ASV25812 0.00009999,,,,,,,,
ASV16178 0.00259974,,,,,,,,
ASV26908 0.00009999,,,,,,,,
ASV16481 0.00009999,,,,,,,,
ASV31642 0.00629937,,,,,,,,
ASV16208 0.01683333,,,,,,,,
ASV16372 0.00419958,,,,,,,,
ASV25842 0.00149985,,,,,,,,
ASV14013 0.00009999,,,,,,,,
ASV00028 0.00009999,,,,,,,,
ASV16483 0.00199980,,,,,,,,
ASV26829 0.01211111,,,,,,,,
ASV09410 0.00009999,,,,,,,,
ASV16486 0.00009999,,,,,,,,
ASV16175 0.00059994,,,,,,,,
ASV31638 0.02220000,,,,,,,,
ASV26763 0.00489951,,,,,,,,
ASV16179 0.01850000,,,,,,,,
ASV25799 0.00009999,,,,,,,,
ASV31636 0.04433333,,,,,,,,
ASV26917 0.00009999,,,,,,,,
ASV09407 0.00009999,,,,,,,,
ASV11003 0.00009999,,,,,,,,
ASV09425 0.00449955,,,,,,,,
ASV16188 0.00009999,,,,,,,,
ASV26759 0.00009999,,,,,,,,
ASV25858 0.00029997,,,,,,,,
ASV25860 0.00209979,,,,,,,,
ASV16180 0.00099990,,,,,,,,
ASV09448 0.00009999,,,,,,,,
ASV16506 0.00009999,,,,,,,,
ASV16262 0.00009999,,,,,,,,
ASV16277 0.00039996,,,,,,,,
ASV31653 0.00219978,,,,,,,,
ASV16369 0.00009999,,,,,,,,
ASV31639 0.01337500,,,,,,,,
ASV16174 0.00009999,,,,,,,,
ASV09406 0.02800000,,,,,,,,
ASV25800 0.00009999,,,,,,,,
ASV25838 0.00099990,,,,,,,,
ASV16263 0.00009999,,,,,,,,
ASV26748 0.00009999,,,,,,,,
ASV31635 0.00279972,,,,,,,,
ASV16194 0.00009999,,,,,,,,
ASV09404 0.00069993,,,,,,,,
ASV16182 0.00009999,,,,,,,,
ASV26745 0.00139986,,,,,,,,
ASV16190 0.01514286,,,,,,,,
ASV16189 0.00009999,,,,,,,,
ASV16170 0.00009999,,,,,,,,
ASV25861 0.03500000,,,,,,,,
ASV26760 0.00009999,,,,,,,,
ASV26816 0.01528571,,,,,,,,
ASV16370 0.00029997,,,,,,,,
ASV16258 0.00009999,,,,,,,,
ASV09412 0.00009999,,,,,,,,
ASV16184 0.00009999,,,,,,,,
,,,,,,,,
,,,,,,,,
[1] 222   1,,,,,,,,
> print(significant_covlineage_p.otu.omni3),,,,,,,, print(significant_resultlineage2)
                 cov2,,,, print(top_50_lineage2),,,,        ASV      p_value   mean_LM4     mean_L5 adj_p_value Responsibility
ASV16764 3.600000e-02,,,,                 cov2,,,,1  ASV16764 0.0034737154  1.2336431   0.0000000 0.015789616            LM4
ASV15298 2.080000e-02,,,,ASV26760 0.0490000000,,,,2  ASV17878 0.0136547767  3.0648786   0.0000000 0.022023833            LM4
ASV02103 4.733333e-02,,,,ASV26783 0.0436666667,,,,3  ASV29233 0.0034737154  3.2213760   0.0000000 0.015789616            LM4
ASV00938 8.181074e-04,,,,ASV09418 0.0410000000,,,,4  ASV27629 0.0055367379  3.7063151   0.0000000 0.018455793            LM4
ASV27638 9.363636e-03,,,,ASV00875 0.0406666667,,,,5  ASV27626 0.0087354474  3.9648002   0.0000000 0.018854148            LM4
ASV09006 1.060000e-02,,,,ASV17275 0.0400000000,,,,6  ASV17280 0.0136547767  2.7560021   0.0000000 0.022023833            LM4
ASV16275 3.636033e-03,,,,ASV26792 0.0393333333,,,,7  ASV16643 0.0211697081  2.2284060   0.0000000 0.031131924            LM4
ASV01841 3.636033e-04,,,,ASV16233 0.0363333333,,,,8  ASV16261 0.0086189406  1.2288253   8.8956988 0.018854148             L5
ASV04201 4.533333e-02,,,,ASV16764 0.0360000000,,,,9  ASV26939 0.0115364235  4.8806282   2.9833267 0.021363747            LM4
ASV17878 3.433333e-02,,,,ASV09772 0.0347500000,,,,10 ASV16628 0.0041445140  4.3254707   0.2134016 0.017260638            LM4
ASV29233 5.726752e-03,,,,ASV17878 0.0343333333,,,,11 ASV26976 0.0014272605  6.3795931   0.5763906 0.011893838            LM4
ASV27629 1.883333e-02,,,,ASV17280 0.0343333333,,,,12 ASV25803 0.0021751464  0.7760267   8.1772879 0.013594665             L5
ASV27626 2.440000e-02,,,,ASV16622 0.0343333333,,,,13 ASV00081 0.0055367379  5.7030844   0.0000000 0.018455793            LM4
ASV00070 2.460000e-02,,,,ASV27260 0.0320000000,,,,14 ASV28995 0.0094270739  5.3768827   0.7250900 0.018854148            LM4
ASV27640 1.040000e-02,,,,ASV25858 0.0312500000,,,,15 ASV26955 0.0093245150  5.4018287   1.5482804 0.018854148            LM4
ASV05066 9.090083e-05,,,,ASV16420 0.0305000000,,,,16 ASV16454 0.0157176778  0.9693562   2.6856822 0.024558872             L5
ASV01843 1.457143e-02,,,,ASV16628 0.0285000000,,,,17 ASV23299 0.0008438407  0.3996803   3.5256190 0.008438407             L5
ASV31780 2.727025e-04,,,,ASV28995 0.0280000000,,,,18 ASV16630 0.0027816087  7.1007448   0.4325260 0.015453382            LM4
ASV27737 4.266667e-02,,,,ASV26955 0.0270000000,,,,19 ASV16274 0.0044877658  1.6682370   4.7779162 0.017260638             L5
ASV16480 1.642857e-02,,,,ASV26763 0.0260000000,,,,20 ASV18997 0.0087354474 11.4302057   0.0000000 0.018854148            LM4
ASV02577 2.825000e-02,,,,ASV00070 0.0246000000,,,,21 ASV16420 0.0099212399  6.5694762   1.2658883 0.019079308            LM4
ASV17137 1.155556e-02,,,,ASV27626 0.0244000000,,,,22 ASV27625 0.0005404948 15.6661276   1.3578201 0.008438407            LM4
ASV00029 3.636033e-04,,,,ASV26939 0.0242000000,,,,23 ASV16622 0.0281563501  7.5602115   0.7735828 0.040223357            LM4
ASV17280 3.433333e-02,,,,ASV16605 0.0242000000,,,,24 ASV17265 0.0008006946  9.4912303   0.0000000 0.008438407            LM4
ASV16643 1.628571e-02,,,,ASV27629 0.0188333333,,,,25 ASV09418 0.0305979072  9.2949873   0.7046834 0.042497093            LM4
ASV00875 4.066667e-02,,,,ASV26908 0.0176666667,,,,26 ASV16605 0.0087354474  5.3783075   0.0000000 0.018854148            LM4
ASV16553 2.040000e-02,,,,ASV16261 0.0175000000,,,,27 ASV16972 0.0081540403  3.5400935   0.2863688 0.018854148            LM4
ASV11745 4.363240e-03,,,,ASV16643 0.0162857143,,,,28 ASV16627 0.0020051718 10.9170249   2.6284253 0.013594665            LM4
ASV16302 1.908917e-03,,,,ASV16972 0.0146250000,,,,29 ASV26846 0.0077144672 13.4265995   7.1062126 0.018854148            LM4
ASV16390 2.727025e-03,,,,ASV26846 0.0133750000,,,,30 ASV26764 0.0006096976  2.9621202  27.3975664 0.008438407             L5
ASV14015 3.533333e-02,,,,ASV16630 0.0127500000,,,,31 ASV09772 0.0122742328 26.1455683   9.6588056 0.021918273            LM4
ASV31657 3.800000e-02,,,,ASV00081 0.0108000000,,,,32 ASV16175 0.0163621609  9.4515103  28.5315054 0.024791153             L5
ASV30252 9.090083e-05,,,,ASV26976 0.0104000000,,,,33 ASV26763 0.0090950557 10.5061306  30.5901670 0.018854148             L5
ASV16261 1.750000e-02,,,,ASV16454 0.0102000000,,,,34 ASV25858 0.0068670552 26.9243660   1.3524752 0.018854148            LM4
ASV20297 9.090083e-05,,,,ASV16175 0.0069993637,,,,35 ASV31635 0.0003772899 23.0920635 100.8252852 0.008438407             L5
ASV16240 5.454050e-04,,,,ASV16627 0.0069084629,,,,36 ASV26760 0.0128515388 64.3901217  93.6570543 0.022023833             L5
ASV16273 3.800000e-02,,,,ASV16258 0.0066357604,,,,
ASV16656 3.666667e-02,,,,ASV16274 0.0064539587,,,,>
ASV22836 2.120000e-02,,,,ASV29233 0.0057267521,,,,
ASV16195 2.727025e-04,,,,ASV18997 0.0057267521,,,,
ASV26939 2.420000e-02,,,,ASV16485 0.0052722480,,,,
ASV16628 2.850000e-02,,,,ASV17859 0.0047268430,,,,
ASV16343 1.800000e-02,,,,ASV09404 0.0038178347,,,,
ASV16498 1.545314e-03,,,,ASV27625 0.0020907190,,,,
ASV17275 4.000000e-02,,,,ASV17265 0.0015453141,,,,
ASV16333 1.300000e-02,,,,ASV16391 0.0012726116,,,,
ASV20179 1.528571e-02,,,,ASV25803 0.0011817108,,,,
ASV17073 2.360000e-02,,,,ASV26764 0.0009999091,,,,
ASV00037 9.090083e-05,,,,ASV26816 0.0009999091,,,,
ASV26976 1.040000e-02,,,,ASV23299 0.0009090083,,,,
ASV05304 3.633333e-02,,,,ASV31635 0.0008181074,,,,
ASV16209 9.090083e-05,,,,,,,,
ASV31970 4.266667e-02,,,,,,,,
ASV01851 2.700000e-02,,,,,,,,
ASV16353 9.090083e-05,,,,,,,,
ASV25803 1.181711e-03,,,,,,,,
ASV27155 7.272066e-04,,,,,,,,
ASV16485 5.272248e-03,,,,,,,,
ASV00081 1.080000e-02,,,,,,,,
ASV28995 2.800000e-02,,,,,,,,
ASV26955 2.700000e-02,,,,,,,,
ASV26778 2.600000e-02,,,,,,,,
ASV00064 8.271975e-03,,,,,,,,
ASV16454 1.020000e-02,,,,,,,,
ASV26907 9.090083e-04,,,,,,,,
ASV16640 5.908554e-03,,,,,,,,
ASV23299 9.090083e-04,,,,,,,,
ASV20113 4.233333e-02,,,,,,,,
ASV16226 2.900000e-02,,,,,,,,
ASV16309 3.817835e-03,,,,,,,,
ASV31649 2.750000e-02,,,,,,,,
ASV16253 4.090537e-03,,,,,,,,
ASV16310 4.700000e-02,,,,,,,,
ASV26977 2.380000e-02,,,,,,,,
ASV16305 1.818017e-04,,,,,,,,
ASV16285 9.090083e-05,,,,,,,,
ASV08216 3.466667e-02,,,,,,,,
ASV16237 4.454141e-03,,,,,,,,
ASV24820 1.628571e-02,,,,,,,,
ASV16222 1.727116e-03,,,,,,,,
ASV26751 4.635942e-03,,,,,,,,
ASV09415 6.181256e-03,,,,,,,,
ASV16391 1.272612e-03,,,,,,,,
ASV20743 4.833333e-02,,,,,,,,
ASV16630 1.275000e-02,,,,,,,,
ASV16274 6.453959e-03,,,,,,,,
ASV16243 8.635579e-03,,,,,,,,
ASV16247 1.818017e-04,,,,,,,,
ASV05460 1.933333e-02,,,,,,,,
ASV27642 3.050000e-02,,,,,,,,
ASV16192 7.272066e-04,,,,,,,,
ASV26980 9.090083e-05,,,,,,,,
ASV09523 8.181074e-03,,,,,,,,
ASV02584 4.300000e-02,,,,,,,,
ASV26772 4.900000e-02,,,,,,,,
ASV16608 2.625000e-02,,,,,,,,
ASV16520 4.800000e-02,,,,,,,,
ASV18997 5.726752e-03,,,,,,,,
ASV09414 1.457143e-02,,,,,,,,
ASV13656 1.425000e-02,,,,,,,,
ASV16420 3.050000e-02,,,,,,,,
ASV27625 2.090719e-03,,,,,,,,
ASV16196 9.090083e-05,,,,,,,,
ASV16622 3.433333e-02,,,,,,,,
ASV15236 1.454413e-03,,,,,,,,
ASV09421 9.090083e-05,,,,,,,,
ASV17265 1.545314e-03,,,,,,,,
ASV09418 4.100000e-02,,,,,,,,
ASV16605 2.420000e-02,,,,,,,,
ASV16527 2.360000e-02,,,,,,,,
ASV16347 7.272066e-03,,,,,,,,
ASV14296 8.090174e-03,,,,,,,,
ASV09417 2.727025e-04,,,,,,,,
ASV26946 4.000000e-02,,,,,,,,
ASV17011 1.700000e-02,,,,,,,,
ASV26787 3.908736e-03,,,,,,,,
ASV00027 9.090083e-05,,,,,,,,
ASV16972 1.462500e-02,,,,,,,,
ASV22819 3.900000e-02,,,,,,,,
ASV16516 2.080000e-02,,,,,,,,
ASV26757 4.066667e-02,,,,,,,,
ASV16185 9.090083e-05,,,,,,,,
ASV20425 7.908372e-03,,,,,,,,
ASV16654 3.700000e-02,,,,,,,,
ASV26761 9.090083e-05,,,,,,,,
ASV16300 9.090083e-05,,,,,,,,
ASV26783 4.366667e-02,,,,,,,,
ASV25801 1.090810e-03,,,,,,,,
ASV26749 9.090083e-05,,,,,,,,
ASV16227 3.200000e-02,,,,,,,,
ASV26792 3.933333e-02,,,,,,,,
ASV16637 2.400000e-02,,,,,,,,
ASV00058 4.545041e-04,,,,,,,,
ASV16610 9.090083e-05,,,,,,,,
ASV16512 9.090083e-05,,,,,,,,
ASV16191 9.090083e-05,,,,,,,,
ASV26767 9.090083e-05,,,,,,,,
ASV26958 9.090083e-05,,,,,,,,
ASV25802 2.727025e-04,,,,,,,,
ASV26962 2.181620e-03,,,,,,,,
ASV31644 9.090083e-05,,,,,,,,
ASV09527 2.825000e-02,,,,,,,,
ASV25798 9.090083e-05,,,,,,,,
ASV26791 7.272066e-04,,,,,,,,
ASV16371 6.544860e-03,,,,,,,,
ASV14014 7.817471e-03,,,,,,,,
ASV26826 6.544860e-03,,,,,,,,
ASV01523 5.454050e-04,,,,,,,,
ASV26753 9.090083e-05,,,,,,,,
ASV16627 6.908463e-03,,,,,,,,
ASV09419 1.545314e-03,,,,,,,,
ASV26963 5.454050e-04,,,,,,,,
ASV31640 5.454050e-04,,,,,,,,
ASV26846 1.337500e-02,,,,,,,,
ASV17859 4.726843e-03,,,,,,,,
ASV16647 1.020000e-02,,,,,,,,
ASV16199 1.818017e-03,,,,,,,,
ASV16375 3.181529e-03,,,,,,,,
ASV27260 3.200000e-02,,,,,,,,
ASV26764 9.999091e-04,,,,,,,,
ASV16629 9.090083e-05,,,,,,,,
ASV09411 2.454322e-03,,,,,,,,
ASV16201 2.454322e-03,,,,,,,,
ASV16327 2.050000e-02,,,,,,,,
ASV26823 4.545041e-03,,,,,,,,
ASV16233 3.633333e-02,,,,,,,,
ASV26762 2.160000e-02,,,,,,,,
ASV09772 3.475000e-02,,,,,,,,
ASV16248 9.090083e-05,,,,,,,,
ASV16381 9.090083e-05,,,,,,,,
ASV09420 2.454322e-03,,,,,,,,
ASV25797 4.545041e-04,,,,,,,,
ASV26752 7.544769e-03,,,,,,,,
ASV26869 1.133333e-02,,,,,,,,
ASV09405 7.272066e-04,,,,,,,,
ASV17058 1.757143e-02,,,,,,,,
ASV16267 2.908826e-03,,,,,,,,
ASV25805 2.260000e-02,,,,,,,,
ASV26820 4.366667e-02,,,,,,,,
ASV31665 3.817835e-03,,,,,,,,
ASV16181 2.999727e-03,,,,,,,,
ASV25807 3.025000e-02,,,,,,,,
ASV14012 9.090083e-05,,,,,,,,
ASV16178 9.090083e-05,,,,,,,,
ASV25839 9.090083e-05,,,,,,,,
ASV26908 1.766667e-02,,,,,,,,
ASV31642 7.272066e-04,,,,,,,,
ASV16208 9.090083e-05,,,,,,,,
ASV16372 1.040000e-02,,,,,,,,
ASV00028 2.800000e-02,,,,,,,,
ASV26758 1.166667e-02,,,,,,,,
ASV16616 2.420000e-02,,,,,,,,
ASV31774 8.271975e-03,,,,,,,,
ASV16486 2.100000e-02,,,,,,,,
ASV16175 6.999364e-03,,,,,,,,
ASV09409 9.090083e-05,,,,,,,,
ASV26763 2.600000e-02,,,,,,,,
ASV16179 9.090083e-05,,,,,,,,
ASV31636 9.090083e-05,,,,,,,,
ASV26917 3.999636e-03,,,,,,,,
ASV09425 6.999364e-03,,,,,,,,
ASV25858 3.125000e-02,,,,,,,,
ASV00048 9.090083e-05,,,,,,,,
ASV09448 2.080000e-02,,,,,,,,
ASV16506 1.999818e-03,,,,,,,,
ASV16172 9.090083e-05,,,,,,,,
ASV16262 3.636033e-04,,,,,,,,
ASV16277 3.700000e-02,,,,,,,,
ASV16369 4.766667e-02,,,,,,,,
ASV16174 9.090083e-05,,,,,,,,
ASV09406 9.090083e-05,,,,,,,,
ASV25800 9.090083e-05,,,,,,,,
ASV25838 9.090083e-05,,,,,,,,
ASV31635 8.181074e-04,,,,,,,,
ASV09404 3.817835e-03,,,,,,,,
ASV16182 3.966667e-02,,,,,,,,
ASV16170 4.726843e-03,,,,,,,,
ASV26760 4.900000e-02,,,,,,,,
ASV26816 9.999091e-04,,,,,,,,
ASV16258 6.635760e-03,,,,,,,,
ASV09412 9.090083e-05,,,,,,,,
ASV16184 2.040000e-02,,,,,,,,
,,,,,,,,
>,,,,,,,,
,,,,,,,,
> dim(significant_covSite_p.otu.omni3),,,,,,,,
[1] 163   1,,,,,,,,
> print(significant_covSite_p.otu.omni3),,,, print(top_50_Site2),,,> print(significant_resultssite),
                 cov3,,,,              cov3,,,        ASV      p_value mean_Bat_Galim mean_Shikmona adj_p_value Responsibility,
ASV26927 1.816667e-02,,,,ASV16622 0.4800778,,,1  ASV09442 0.0028142251     0.00000000     1.1866789 0.016481194       Shikmona,
ASV16764 3.866667e-02,,,,ASV16947 0.4398447,,,2  ASV27882 0.0236766410     3.70490569     0.4056152 0.045532002      Bat_Galim,
ASV09442 3.845858e-04,,,,ASV16623 0.3075237,,,3  ASV27011 0.0028142251     0.00000000     1.7378292 0.016481194       Shikmona,
ASV08733 5.999538e-03,,,,ASV16258 0.3032055,,,4  ASV29233 0.0326406206     0.35167589     3.3057810 0.049455486       Shikmona,
ASV15241 3.050000e-02,,,,ASV16627 0.3001802,,,5  ASV16587 0.0097760854     0.08423181     1.2728707 0.030550267       Shikmona,
ASV27631 2.340000e-02,,,,ASV16972 0.2863569,,,6  ASV17280 0.0307333709     0.13641820     2.9561215 0.048020892       Shikmona,
ASV27636 3.633333e-02,,,,ASV17859 0.2857625,,,7  ASV02603 0.0290434250     0.11091393     2.8568476 0.048020892       Shikmona,
ASV27882 4.307361e-03,,,,ASV16643 0.2762902,,,8  ASV16643 0.0086329597     0.00000000     2.4760066 0.028776532       Shikmona,
ASV27011 2.307515e-04,,,,ASV14013 0.2251103,,,9  ASV00875 0.0195858314     0.11063905     1.2454891 0.040803816       Shikmona,
ASV16668 4.999615e-03,,,,ASV16605 0.2148367,,,10 ASV00877 0.0156762273     0.31277438     2.2367710 0.040513152       Shikmona,
ASV17878 5.230367e-03,,,,ASV27011 0.2143785,,,11 ASV09531 0.0255045451     6.09413165     1.1279894 0.046320570      Bat_Galim,
ASV25131 2.725000e-02,,,,ASV02603 0.2036388,,,12 ASV16908 0.0164654037     0.07123860     2.2038290 0.040513152       Shikmona,
ASV09958 2.060000e-02,,,,ASV16908 0.2030019,,,13 ASV20297 0.0051443274     0.23318660     2.4302434 0.025721637       Shikmona,
ASV00097 4.033333e-02,,,,ASV09442 0.2003136,,,14 ASV16623 0.0184926444     0.21023862     2.8699388 0.040803816       Shikmona,
ASV29233 1.922929e-03,,,,ASV26767 0.1960133,,,15 ASV09542 0.0068254421     7.47537330     0.9189422 0.028776532      Bat_Galim,
ASV16587 1.615260e-03,,,,ASV17280 0.1955434,,,16 ASV16895 0.0295384723     0.63235668     6.6248308 0.048020892       Shikmona,
ASV00917 5.999538e-03,,,,ASV00877 0.1955058,,,17 ASV17003 0.0146245293     1.14298305     5.0301843 0.040513152       Shikmona,
ASV07694 6.230290e-03,,,,ASV00875 0.1929208,,,18 ASV16454 0.0015772460     0.00000000     2.8675172 0.015772460       Shikmona,
ASV27629 4.845781e-03,,,,ASV09404 0.1867238,,,19 ASV16631 0.0123737296     0.82757099     8.9318602 0.036393322       Shikmona,
ASV27626 7.307130e-03,,,,ASV16609 0.1823141,,,20 ASV16947 0.0004747952     0.00000000     3.2905161 0.007913253       Shikmona,
ASV01355 1.153757e-03,,,,ASV26759 0.1806156,,,21 ASV18997 0.0259395194     2.78810409    10.5317031 0.046320570       Shikmona,
ASV25815 3.230521e-03,,,,ASV25815 0.1792568,,,22 ASV16622 0.0081126133     0.74362073     8.3375852 0.028776532       Shikmona,
ASV19015 2.153680e-03,,,,ASV09542 0.1777188,,,23 ASV09418 0.0194595729    12.67106604     0.9422790 0.040803816      Bat_Galim,
ASV00070 1.657143e-02,,,,ASV29233 0.1766307,,,24 ASV26773 0.0019010544     3.08619101     9.9952836 0.015842120       Shikmona,
ASV17875 3.922775e-03,,,,ASV16895 0.1757358,,,25 ASV25810 0.0301644799     1.35962909     8.4291914 0.048020892       Shikmona,
ASV02610 2.380000e-02,,,,ASV16416 0.1704342,,,26 ASV26767 0.0003880515     1.79548181     9.5591113 0.007913253       Shikmona,
ASV20759 3.833333e-02,,,,ASV16454 0.1695300,,,27 ASV17859 0.0086329597     0.00000000     8.4473006 0.028776532       Shikmona,
ASV16644 2.153680e-03,,,,ASV16631 0.1686994,,,28 ASV16416 0.0086329597     0.00000000     3.2082574 0.028776532       Shikmona,
ASV00744 1.337500e-02,,,,ASV17003 0.1670543,,,29 ASV14013 0.0029666149     2.08939634    13.1293212 0.016481194       Shikmona,
ASV16699 1.983333e-02,,,,ASV02591 0.1647971,,,30 ASV26763 0.0013384317     5.51632524    27.7764480 0.015772460       Shikmona,
ASV25266 7.537882e-03,,,,ASV27882 0.1645239,,,31 ASV26759 0.0003840829    13.26723977    34.1739966 0.007913253       Shikmona,
ASV29195 4.266667e-02,,,,ASV09409 0.1513120,,,32 ASV00048 0.0170155238    59.00271730    22.9418077 0.040513152      Bat_Galim,
ASV29239 6.537959e-03,,,,ASV16668 0.1498742,,,33 ASV16258 0.0229488327    22.40302390    59.0913774 0.045532002       Shikmona,
ASV27637 1.733333e-02,,,,ASV25810 0.1476272,,,,
ASV20100 1.250000e-02,,,,ASV00048 0.1465218,,,>,
ASV16488 3.833333e-02,,,,ASV27260 0.1453113,,,,
ASV17280 1.153757e-03,,,,ASV17012 0.1442698,,,,
ASV02603 6.922544e-04,,,,ASV09531 0.1439755,,,,
ASV16643 7.691716e-05,,,,ASV09418 0.1392723,,,,
ASV00875 1.153757e-03,,,,ASV20297 0.1368591,,,,
ASV00877 1.307592e-03,,,,ASV16995 0.1358913,,,,
ASV09531 9.181818e-03,,,,ASV16587 0.1347213,,,,
ASV16908 4.615030e-04,,,,ASV00744 0.1345573,,,,
ASV30252 1.307592e-03,,,,ASV26773 0.1330919,,,,
ASV16261 3.900000e-02,,,,ASV26763 0.1329955,,,,
ASV20297 2.845935e-03,,,,ASV26816 0.1302262,,,,
ASV16623 2.307515e-04,,,,ASV16263 0.1284477,,,,
ASV02872 2.900000e-02,,,,ASV18997 0.1283270,,,,
ASV02629 2.320000e-02,,,,ASV16610 0.1272390,,,,
ASV09542 5.999538e-03,,,,ASV26976 0.1259016,,,,
ASV00043 2.100000e-02,,,,,,,,
ASV26939 2.200000e-02,,,,,,,,
ASV26883 1.485714e-02,,,,,,,,
ASV16628 4.000000e-02,,,,,,,,
ASV00035 4.066667e-02,,,,,,,,
ASV01993 2.100000e-02,,,,,,,,
ASV31671 2.016667e-02,,,,,,,,
ASV17275 2.845935e-03,,,,,,,,
ASV16617 1.384509e-03,,,,,,,,
ASV26976 1.850000e-02,,,,,,,,
ASV16895 1.538343e-03,,,,,,,,
ASV20748 4.500000e-02,,,,,,,,
ASV02870 3.500000e-02,,,,,,,,
ASV00033 4.500000e-02,,,,,,,,
ASV25803 2.220000e-02,,,,,,,,
ASV29011 1.833333e-02,,,,,,,,
ASV27155 2.150000e-02,,,,,,,,
ASV16485 3.533333e-02,,,,,,,,
ASV00081 4.066667e-02,,,,,,,,
ASV28995 1.846012e-03,,,,,,,,
ASV27630 8.583333e-03,,,,,,,,
ASV26955 1.585714e-02,,,,,,,,
ASV17003 3.845858e-04,,,,,,,,
ASV16454 3.768941e-03,,,,,,,,
ASV23299 3.633333e-02,,,,,,,,
ASV16631 8.460888e-04,,,,,,,,
ASV26808 2.307515e-03,,,,,,,,
ASV26825 8.750000e-03,,,,,,,,
ASV16391 7.691716e-05,,,,,,,,
ASV16630 1.783333e-02,,,,,,,,
ASV20138 1.500000e-02,,,,,,,,
ASV05112 2.320000e-02,,,,,,,,
ASV00897 2.240000e-02,,,,,,,,
ASV16274 3.000000e-02,,,,,,,,
ASV09434 2.825000e-02,,,,,,,,
ASV16562 1.916667e-02,,,,,,,,
ASV31661 4.100000e-02,,,,,,,,
ASV16192 3.433333e-02,,,,,,,,
ASV16650 1.325000e-02,,,,,,,,
ASV15867 1.262500e-02,,,,,,,,
ASV26980 4.100000e-02,,,,,,,,
ASV16947 7.691716e-05,,,,,,,,
ASV08720 3.366667e-02,,,,,,,,
ASV17012 1.188889e-02,,,,,,,,
ASV18997 7.691716e-05,,,,,,,,
ASV02591 4.538112e-03,,,,,,,,
ASV16609 1.769095e-03,,,,,,,,
ASV16420 3.075000e-02,,,,,,,,
ASV27625 1.542857e-02,,,,,,,,
ASV16622 7.691716e-05,,,,,,,,
ASV17265 1.442857e-02,,,,,,,,
ASV22925 3.633333e-02,,,,,,,,
ASV09418 9.454545e-03,,,,,,,,
ASV16605 1.615260e-03,,,,,,,,
ASV05202 3.333333e-02,,,,,,,,
ASV16896 3.175000e-02,,,,,,,,
ASV16541 4.033333e-02,,,,,,,,
ASV16972 7.691716e-05,,,,,,,,
ASV09413 3.000000e-02,,,,,,,,
ASV17006 4.400000e-02,,,,,,,,
ASV26897 2.925000e-02,,,,,,,,
ASV16316 3.625000e-02,,,,,,,,
ASV26761 3.025000e-02,,,,,,,,
ASV26773 1.307592e-03,,,,,,,,
ASV26781 9.818182e-03,,,,,,,,
ASV26783 1.312500e-02,,,,,,,,
ASV26792 1.222222e-02,,,,,,,,
ASV25810 4.768864e-03,,,,,,,,
ASV31666 6.922544e-03,,,,,,,,
ASV00058 2.060000e-02,,,,,,,,
ASV16610 1.425000e-02,,,,,,,,
ASV26767 6.153373e-04,,,,,,,,
ASV09525 4.500000e-02,,,,,,,,
ASV00059 2.725000e-02,,,,,,,,
ASV26830 3.533333e-02,,,,,,,,
ASV16494 4.900000e-02,,,,,,,,
ASV26753 3.100000e-02,,,,,,,,
ASV16627 7.691716e-05,,,,,,,,
ASV16995 1.557143e-02,,,,,,,,
ASV26846 2.650000e-02,,,,,,,,
ASV17859 7.691716e-05,,,,,,,,
ASV27260 1.020000e-02,,,,,,,,
ASV26764 4.100000e-02,,,,,,,,
ASV16380 1.471429e-02,,,,,,,,
ASV16256 1.362500e-02,,,,,,,,
ASV16216 3.175000e-02,,,,,,,,
ASV16416 1.846012e-03,,,,,,,,
ASV16233 1.614286e-02,,,,,,,,
ASV09772 2.675000e-02,,,,,,,,
ASV26904 1.557143e-02,,,,,,,,
ASV26817 4.400000e-02,,,,,,,,
ASV25839 6.461041e-03,,,,,,,,
ASV26908 1.850000e-02,,,,,,,,
ASV16481 2.875000e-02,,,,,,,,
ASV25842 4.076609e-03,,,,,,,,
ASV14013 9.230059e-04,,,,,,,,
ASV16175 7.384047e-03,,,,,,,,
ASV09409 9.090909e-03,,,,,,,,
ASV31638 7.691716e-03,,,,,,,,
ASV26763 9.333333e-03,,,,,,,,
ASV16188 2.750000e-02,,,,,,,,
ASV26759 1.076840e-03,,,,,,,,
ASV25858 6.999462e-03,,,,,,,,
ASV16180 9.250000e-03,,,,,,,,
ASV00048 1.312500e-02,,,,,,,,
ASV14198 6.153373e-04,,,,,,,,
ASV16263 2.066667e-02,,,,,,,,
ASV31635 8.666667e-03,,,,,,,,
ASV09404 5.538036e-03,,,,,,,,
ASV16189 2.140000e-02,,,,,,,,
ASV26760 1.833333e-02,,,,,,,,
ASV26816 2.300000e-02,,,,,,,,
ASV16258 7.691716e-05,,,,,,,,
> dim(significant_covTemp_Site_p.otu.omni3),,,,,,,,
[1] 91  1,,,,,,,,
> print(significant_covTemp_Site_p.otu.omni3),,,,,,,,
                 cov4,,,,,,,,
ASV27641 1.541602e-03,,,,,,,,
ASV09442 2.208241e-03,,,,,,,,
ASV08733 3.050000e-02,,,,,,,,
ASV15241 1.010000e-02,,,,,,,,
ASV16668 4.166667e-03,,,,,,,,
ASV10260 1.833333e-02,,,,,,,,
ASV25131 2.925000e-02,,,,,,,,
ASV09958 2.916545e-03,,,,,,,,
ASV16587 2.140000e-02,,,,,,,,
ASV00917 2.360000e-02,,,,,,,,
ASV07694 4.416667e-03,,,,,,,,
ASV01355 2.541561e-03,,,,,,,,
ASV25815 5.555556e-03,,,,,,,,
ASV19015 5.000000e-03,,,,,,,,
ASV16644 4.869565e-03,,,,,,,,
ASV16699 3.700000e-02,,,,,,,,
ASV24223 3.916503e-03,,,,,,,,
ASV25266 2.950000e-02,,,,,,,,
ASV29195 2.080000e-02,,,,,,,,
ASV17001 2.925000e-02,,,,,,,,
ASV16488 4.633333e-02,,,,,,,,
ASV02603 2.499896e-03,,,,,,,,
ASV16643 4.166493e-05,,,,,,,,
ASV00875 2.700000e-02,,,,,,,,
ASV25819 4.733333e-02,,,,,,,,
ASV00877 2.750000e-02,,,,,,,,
ASV16908 5.300000e-03,,,,,,,,
ASV31657 2.080000e-02,,,,,,,,
ASV16261 1.222222e-02,,,,,,,,
ASV17279 3.533333e-02,,,,,,,,
ASV16623 4.166493e-05,,,,,,,,
ASV10148 1.090000e-02,,,,,,,,
ASV09542 8.416667e-03,,,,,,,,
ASV20170 4.478261e-03,,,,,,,,
ASV17275 1.362500e-02,,,,,,,,
ASV16617 1.208283e-03,,,,,,,,
ASV26960 2.625000e-02,,,,,,,,
ASV16895 7.000000e-03,,,,,,,,
ASV02870 1.140000e-02,,,,,,,,
ASV26909 2.999875e-03,,,,,,,,
ASV16658 2.458231e-03,,,,,,,,
ASV17003 2.249906e-03,,,,,,,,
ASV16606 4.800000e-02,,,,,,,,
ASV26825 1.188889e-02,,,,,,,,
ASV16655 3.666667e-02,,,,,,,,
ASV16391 4.166493e-05,,,,,,,,
ASV16301 3.425000e-02,,,,,,,,
ASV26947 2.420000e-02,,,,,,,,
ASV16274 2.500000e-02,,,,,,,,
ASV09434 3.350000e-02,,,,,,,,
ASV17019 1.277778e-02,,,,,,,,
ASV26898 1.537500e-02,,,,,,,,
ASV14206 2.083247e-03,,,,,,,,
ASV15867 2.725000e-02,,,,,,,,
ASV02584 3.999833e-03,,,,,,,,
ASV16947 1.083288e-03,,,,,,,,
ASV17012 4.809524e-03,,,,,,,,
ASV18997 4.583142e-04,,,,,,,,
ASV02591 2.416566e-03,,,,,,,,
ASV09522 1.657143e-02,,,,,,,,
ASV13656 2.420000e-02,,,,,,,,
ASV16609 9.250000e-03,,,,,,,,
ASV16622 4.166493e-05,,,,,,,,
ASV16287 3.433333e-02,,,,,,,,
ASV16896 4.666667e-02,,,,,,,,
ASV16541 3.766667e-02,,,,,,,,
ASV16972 3.041540e-03,,,,,,,,
ASV26901 7.142857e-03,,,,,,,,
ASV17006 3.366667e-02,,,,,,,,
ASV26897 3.050000e-02,,,,,,,,
ASV09427 3.100000e-02,,,,,,,,
ASV14207 2.700000e-02,,,,,,,,
ASV25810 6.058824e-03,,,,,,,,
ASV10146 8.332986e-04,,,,,,,,
ASV26942 1.262500e-02,,,,,,,,
ASV00059 1.614286e-02,,,,,,,,
ASV16627 3.966667e-02,,,,,,,,
ASV16995 2.480000e-02,,,,,,,,
ASV17859 4.166493e-05,,,,,,,,
ASV16647 2.160000e-02,,,,,,,,
ASV16416 4.166493e-05,,,,,,,,
ASV16299 1.850000e-02,,,,,,,,
ASV25839 6.249740e-04,,,,,,,,
ASV16481 2.300000e-02,,,,,,,,
ASV25842 1.833257e-03,,,,,,,,
ASV14013 1.666597e-04,,,,,,,,
ASV00028 3.300000e-02,,,,,,,,
ASV25858 4.166493e-05,,,,,,,,
ASV16180 2.020000e-02,,,,,,,,
ASV26760 3.900000e-02,,,,,,,,
ASV16258 5.300000e-03,,,,,,,,
> dim(significant_covlineage_Site_p.otu.omni3),,,,,,,,
[1] 99  1,,,,,,,,
> print(significant_covlineage_Site_p.otu.omni3),,,,,,,,
                 cov5,,,,,,,,
ASV26927 0.0019309679,,,,,,,,
ASV06611 0.0360000000,,,,,,,,
ASV17115 0.0463333333,,,,,,,,
ASV05118 0.0002068894,,,,,,,,
ASV12358 0.0173333333,,,,,,,,
ASV29233 0.0260000000,,,,,,,,
ASV05114 0.0012068549,,,,,,,,
ASV07694 0.0085833333,,,,,,,,
ASV02113 0.0158571429,,,,,,,,
ASV27629 0.0282500000,,,,,,,,
ASV02610 0.0320000000,,,,,,,,
ASV00040 0.0363333333,,,,,,,,
ASV26516 0.0088333333,,,,,,,,
ASV05113 0.0254000000,,,,,,,,
ASV26988 0.0416666667,,,,,,,,
ASV17137 0.0232000000,,,,,,,,
ASV16488 0.0230000000,,,,,,,,
ASV17280 0.0336666667,,,,,,,,
ASV16269 0.0063529412,,,,,,,,
ASV18995 0.0200000000,,,,,,,,
ASV16643 0.0013102996,,,,,,,,
ASV00875 0.0386666667,,,,,,,,
ASV16553 0.0400000000,,,,,,,,
ASV31657 0.0002758526,,,,,,,,
ASV30252 0.0002413710,,,,,,,,
ASV20297 0.0125000000,,,,,,,,
ASV16498 0.0112222222,,,,,,,,
ASV16927 0.0423333333,,,,,,,,
ASV20179 0.0456666667,,,,,,,,
ASV00037 0.0370000000,,,,,,,,
ASV16353 0.0045454545,,,,,,,,
ASV25803 0.0226000000,,,,,,,,
ASV27155 0.0490000000,,,,,,,,
ASV16485 0.0004827420,,,,,,,,
ASV26955 0.0493333333,,,,,,,,
ASV09506 0.0114444444,,,,,,,,
ASV25814 0.0287500000,,,,,,,,
ASV00064 0.0106000000,,,,,,,,
ASV26907 0.0001034447,,,,,,,,
ASV23299 0.0300000000,,,,,,,,
ASV16631 0.0373333333,,,,,,,,
ASV31649 0.0248000000,,,,,,,,
ASV16222 0.0193333333,,,,,,,,
ASV26751 0.0017930416,,,,,,,,
ASV16391 0.0038148148,,,,,,,,
ASV16630 0.0183333333,,,,,,,,
ASV25865 0.0433333333,,,,,,,,
ASV05112 0.0012758181,,,,,,,,
ASV16542 0.0060555556,,,,,,,,
ASV27834 0.0238000000,,,,,,,,
ASV31661 0.0086666667,,,,,,,,
ASV27833 0.0075714286,,,,,,,,
ASV15867 0.0322500000,,,,,,,,
ASV23797 0.0042000000,,,,,,,,
ASV16556 0.0130000000,,,,,,,,
ASV16721 0.0080769231,,,,,,,,
ASV16520 0.0013447812,,,,,,,,
ASV18997 0.0066666667,,,,,,,,
ASV16609 0.0376666667,,,,,,,,
ASV16622 0.0001034447,,,,,,,,
ASV15236 0.0430000000,,,,,,,,
ASV16527 0.0001379263,,,,,,,,
ASV14296 0.0014137444,,,,,,,,
ASV16541 0.0317500000,,,,,,,,
ASV16519 0.0317500000,,,,,,,,
ASV16484 0.0048571429,,,,,,,,
ASV26901 0.0016551153,,,,,,,,
ASV00036 0.0206000000,,,,,,,,
ASV26779 0.0173333333,,,,,,,,
ASV23296 0.0006206683,,,,,,,,
ASV26761 0.0085000000,,,,,,,,
ASV00058 0.0473333333,,,,,,,,
ASV16492 0.0244000000,,,,,,,,
ASV16610 0.0400000000,,,,,,,,
ASV26767 0.0147142857,,,,,,,,
ASV26962 0.0201666667,,,,,,,,
ASV26893 0.0161428571,,,,,,,,
ASV16494 0.0040384615,,,,,,,,
ASV26753 0.0001724078,,,,,,,,
ASV26963 0.0390000000,,,,,,,,
ASV26849 0.0270000000,,,,,,,,
ASV26764 0.0420000000,,,,,,,,
ASV16502 0.0126250000,,,,,,,,
ASV16491 0.0141250000,,,,,,,,
ASV09495 0.0206000000,,,,,,,,
ASV14199 0.0036071429,,,,,,,,
ASV09772 0.0226000000,,,,,,,,
ASV16248 0.0118888889,,,,,,,,
ASV26817 0.0426666667,,,,,,,,
ASV26869 0.0024137099,,,,,,,,
ASV26820 0.0054736842,,,,,,,,
ASV16481 0.0001034447,,,,,,,,
ASV31642 0.0430000000,,,,,,,,
ASV25799 0.0106000000,,,,,,,,
ASV16506 0.0393333333,,,,,,,,
ASV16174 0.0031033413,,,,,,,,
ASV09406 0.0330000000,,,,,,,,
ASV25800 0.0019654495,,,,,,,,
ASV25838 0.0440000000,,,,,,,,
> dim(significant_covTemp_lineage_p.otu.omni3),,,,,,,,
[1] 82  1,,,,,,,,
> print(significant_covTemp_lineage_p.otu.omni3),,,,,,,,
                 cov6,,,,,,,,
ASV05071 9.727273e-03,,,,,,,,
ASV05118 2.361046e-03,,,,,,,,
ASV04201 2.800000e-02,,,,,,,,
ASV17878 3.366667e-02,,,,,,,,
ASV05114 4.208333e-03,,,,,,,,
ASV16352 3.500000e-02,,,,,,,,
ASV00070 1.585714e-02,,,,,,,,
ASV16488 3.888889e-03,,,,,,,,
ASV16269 1.950000e-02,,,,,,,,
ASV00875 1.122222e-02,,,,,,,,
ASV16553 5.833171e-04,,,,,,,,
ASV31657 3.884615e-03,,,,,,,,
ASV17279 2.000000e-02,,,,,,,,
ASV26852 3.533333e-02,,,,,,,,
ASV16273 3.075000e-02,,,,,,,,
ASV22836 2.100000e-02,,,,,,,,
ASV16628 1.144444e-02,,,,,,,,
ASV16498 8.500000e-03,,,,,,,,
ASV17275 1.288889e-02,,,,,,,,
ASV16485 1.666620e-04,,,,,,,,
ASV00081 3.025000e-02,,,,,,,,
ASV00064 1.944390e-04,,,,,,,,
ASV16454 3.500000e-02,,,,,,,,
ASV16640 9.454545e-03,,,,,,,,
ASV16310 1.442857e-02,,,,,,,,
ASV02642 1.030000e-02,,,,,,,,
ASV16237 7.142857e-03,,,,,,,,
ASV20743 2.360000e-02,,,,,,,,
ASV05112 2.861111e-03,,,,,,,,
ASV16542 5.882353e-03,,,,,,,,
ASV16192 3.733333e-02,,,,,,,,
ASV23797 1.275000e-02,,,,,,,,
ASV09523 3.500000e-02,,,,,,,,
ASV16608 7.000000e-03,,,,,,,,
ASV16520 8.888642e-04,,,,,,,,
ASV18997 3.700000e-02,,,,,,,,
ASV02591 7.066667e-03,,,,,,,,
ASV27153 4.333333e-02,,,,,,,,
ASV09421 4.375000e-03,,,,,,,,
ASV17265 2.060000e-02,,,,,,,,
ASV16527 2.280000e-02,,,,,,,,
ASV17005 6.312500e-03,,,,,,,,
ASV16347 1.277742e-03,,,,,,,,
ASV17011 2.600000e-02,,,,,,,,
ASV26787 1.750000e-02,,,,,,,,
ASV16484 7.846154e-03,,,,,,,,
ASV26901 1.122222e-02,,,,,,,,
ASV20425 6.312500e-03,,,,,,,,
ASV26897 5.200000e-03,,,,,,,,
ASV26761 1.111080e-03,,,,,,,,
ASV16300 3.888781e-04,,,,,,,,
ASV00031 1.000000e-02,,,,,,,,
ASV00058 2.777701e-05,,,,,,,,
ASV16492 1.722174e-03,,,,,,,,
ASV16512 2.777701e-05,,,,,,,,
ASV10146 3.766667e-02,,,,,,,,
ASV25822 1.262500e-02,,,,,,,,
ASV00059 2.525000e-02,,,,,,,,
ASV16371 8.307692e-03,,,,,,,,
ASV01523 8.333102e-05,,,,,,,,
ASV26846 1.866667e-02,,,,,,,,
ASV16375 3.400000e-02,,,,,,,,
ASV27634 4.533333e-02,,,,,,,,
ASV09495 8.888642e-04,,,,,,,,
ASV16530 2.850000e-02,,,,,,,,
ASV26878 4.700000e-02,,,,,,,,
ASV16233 3.050000e-02,,,,,,,,
ASV25807 3.250000e-02,,,,,,,,
ASV26908 2.775000e-02,,,,,,,,
ASV16481 9.999722e-04,,,,,,,,
ASV16208 2.220000e-02,,,,,,,,
ASV16483 4.066667e-02,,,,,,,,
ASV16486 7.777562e-04,,,,,,,,
ASV09409 1.716667e-02,,,,,,,,
ASV16262 2.777701e-05,,,,,,,,
ASV16277 9.272727e-03,,,,,,,,
ASV16482 1.027273e-02,,,,,,,,
ASV14198 4.233333e-02,,,,,,,,
ASV31635 8.416667e-03,,,,,,,,
ASV09404 5.833171e-04,,,,,,,,
ASV16182 3.500000e-02,,,,,,,,
ASV26744 4.600000e-02,,,,,,,,
> dim(significant_covTemp_lineage_p.otu.omni3),,,,,,,,
[1] 82  1,,,,,,,,
> print(significant_covTemp_lineage_Site_p.otu.omni3),,,,,,,,
                 cov7,,,,,,,,
ASV27896 0.0406666667,,,,,,,,
ASV05118 0.0132500000,,,,,,,,
ASV05114 0.0022444444,,,,,,,,
ASV12221 0.0446666667,,,,,,,,
ASV23307 0.0450000000,,,,,,,,
ASV16352 0.0390000000,,,,,,,,
ASV17289 0.0366666667,,,,,,,,
ASV22117 0.0450000000,,,,,,,,
ASV16269 0.0024634146,,,,,,,,
ASV00875 0.0064375000,,,,,,,,
ASV25819 0.0077692308,,,,,,,,
ASV16553 0.0490000000,,,,,,,,
ASV17082 0.0333333333,,,,,,,,
ASV31657 0.0023488372,,,,,,,,
ASV16550 0.0032500000,,,,,,,,
ASV31868 0.0075714286,,,,,,,,
ASV16498 0.0356666667,,,,,,,,
ASV16353 0.0066666667,,,,,,,,
ASV16485 0.0148571429,,,,,,,,
ASV14443 0.0336666667,,,,,,,,
ASV00064 0.0071428571,,,,,,,,
ASV16454 0.0386666667,,,,,,,,
ASV31649 0.0370000000,,,,,,,,
ASV09497 0.0366666667,,,,,,,,
ASV05112 0.0043478261,,,,,,,,
ASV00897 0.0413333333,,,,,,,,
ASV09524 0.0176666667,,,,,,,,
ASV05061 0.0262500000,,,,,,,,
ASV27153 0.0066666667,,,,,,,,
ASV16420 0.0416666667,,,,,,,,
ASV16484 0.0131250000,,,,,,,,
ASV26901 0.0020612245,,,,,,,,
ASV31033 0.0360000000,,,,,,,,
ASV00036 0.0333333333,,,,,,,,
ASV09427 0.0154285714,,,,,,,,
ASV26749 0.0332500000,,,,,,,,
ASV00058 0.0080769231,,,,,,,,
ASV31644 0.0350000000,,,,,,,,
ASV27260 0.0370000000,,,,,,,,
ASV14012 0.0366666667,,,,,,,,
ASV16481 0.0001206876,,,,,,,,
ASV11003 0.0152857143,,,,,,,,
ASV16482 0.0473333333,,,,,,,,
,,,,,,,,
,,,,,,,,
,,,,,,,,
,,,,,,,,
,,,,,,,,
,,,,,,,,
,,,,,,,,
,,,,,,,,
,,,,,,,,
,,,,,,,,
,,,,,,,,
,,,,,,,,
,,,,,,,,
,,,,,,,,
,,,,,,,,
,,,,,,,,
,,,,,,,,
,,,,,,,,
,,,,,,,,
,,,,,,,,
,,,,,,,,
,,,,,,,,
,,,,,,,,
,,,,,,,,
,,,,,,,,
,,,,,,,,
,,,,,,,,
,,,,,,,,
,,,,,,,,
,,,,,,,,
,,,,,,,,
,,,,,,,,
,,,,,,,,
,,,,,,,,
,,,,,,,,
,,,,,,,,
,,,,,,,,
,,,,,,,,
,,,,,,,,
,,,,,,,,
,,,,,,,,
,,,,,,,,
,,,,,,,,
,,,,,,,,
,,,,,,,,
,,,,,,,,
,,,,,,,,
,,,,,,,,
,,,,,,,,
,,,,,,,,
,,,,,,,,
,,,,,,,,
,,,,,,,,
,,,,,,,,
,,,,,,,,
,,,,,,,,
,,,,,,,,
,,,,,,,,
,,,,,,,,
,,,,,,,,
,,,,,,,,
,,,,,,,,
,,,,,,,,
,,,,,,,,
,,,,,,,,
,,,,,,,,
,,,,,,,,
,,,,,,,,
,,,,,,,,
,,,,,,,,
,,,,,,,,
,,,,,,,,
,,,,,,,,
,,,,,,,,
,,,,,,,,
,,,,,,,,
,,,,,,,,
,,,,,,,,
,,,,,,,,
,,,,,,,,
,,,,,,,,
,,,,,,,,
,,,,,,,,
,,,,,,,,
,,,,,,,,
,,,,,,,,
,,,,,,,,
,,,,,,,,
,,,,,,,,
,,,,,,,,
,,,,,,,,
,,,,,,,,
,,,,,,,,
,,,,,,,,
,,,,,,,,
,,,,,,,,
,,,,,,,,
,,,,,,,,
,,,,,,,,
,,,,,,,,
,,,,,,,,
,,,,,,,,
,,,,,,,,
,,,,,,,,
,,,,,,,,
,,,,,,,,
,,,,,,,,
,,,,,,,,
,,,,,,,,
,,,,,,,,
,,,,,,,,
,,,,,,,,
,,,,,,,,
,,,,,,,,
,,,,,,,,
,,,,,,,,
,,,,,,,,
,,,,,,,,
,,,,,,,,
,,,,,,,,
,,,,,,,,
,,,,,,,,
,,,,,,,,
,,,,,,,,
,,,,,,,,
,,,,,,,,
,,,,,,,,
,,,,,,,,
,,,,,,,,
,,,,,,,,
,,,,,,,,
,,,,,,,,
,,,,,,,,
,,,,,,,,
,,,,,,,,
,,,,,,,,
,,,,,,,,
,,,,,,,,
,,,,,,,,
,,,,,,,,
,,,,,,,,
,,,,,,,,
,,,,,,,,
,,,,,,,,
,,,,,,,,
,,,,,,,,
,,,,,,,,
,,,,,,,,
,,,,,,,,
,,,,,,,,
,,,,,,,,
,,,,,,,,
,,,,,,,,
,,,,,,,,
,,,,,,,,
,,,,,,,,
,,,,,,,,
,,,,,,,,
,,,,,,,,
,,,,,,,,
,,,,,,,,
,,,,,,,,
,,,,,,,,
,,,,,,,,
,,,,,,,,
,,,,,,,,
,,,,,,,,
,,,,,,,,
,,,,,,,,
,,,,,,,,
,,,,,,,,
,,,,,,,,
,,,,,,,,
,,,,,,,,
,,,,,,,,
,,,,,,,,
,,,,,,,,
,,,,,,,,
,,,,,,,,
,,,,,,,,
,,,,,,,,
,,,,,,,,
,,,,,,,,
,,,,,,,,
,,,,,,,,
,,,,,,,,
,,,,,,,,
,,,,,,,,
,,,,,,,,
,,,,,,,,
,,,,,,,,
,,,,,,,,
,,,,,,,,
,,,,,,,,
,,,,,,,,
,,,,,,,,
,,,,,,,,
,,,,,,,,
,,,,,,,,
,,,,,,,,
,,,,,,,,
,,,,,,,,
,,,,,,,,
,,,,,,,,
,,,,,,,,
,,,,,,,,
,,,,,,,,
,,,,,,,,
,,,,,,,,
,,,,,,,,
,,,,,,,,
,,,,,,,,
,,,,,,,,
,,,,,,,,
,,,,,,,,
,,,,,,,,
,,,,,,,,
,,,,,,,,
,,,,,,,,
,,,,,,,,
,,,,,,,,
,,,,,,,,
,,,,,,,,
,,,,,,,,
,,,,,,,,
,,,,,,,,
,,,,,,,,
